Date,Content type,Views
2020-06-28,Other,0
2020-06-29,Other,0
2020-06-30,Other,0
2020-07-01,Other,0
2020-07-02,Other,0
2020-07-03,Other,0
2020-07-04,Other,2
2020-07-05,Other,0
2020-07-06,Other,0
2020-07-07,Other,0
2020-07-08,Other,0
2020-07-09,Other,1
2020-07-10,Other,0
2020-07-11,Other,0
2020-07-12,Other,0
2020-07-13,Other,0
2020-07-14,Other,0
2020-07-15,Other,0
2020-07-16,Other,0
2020-07-17,Other,0
2020-07-18,Other,0
2020-07-19,Other,0
2020-07-20,Other,0
2020-07-21,Other,0
2020-07-22,Other,0
2020-07-23,Other,0
2020-07-24,Other,0
2020-07-25,Other,0
2020-07-26,Other,0
2020-07-27,Other,0
2020-07-28,Other,0
2020-07-29,Other,0
2020-07-30,Other,0
2020-07-31,Other,0
2020-08-01,Other,0
2020-08-02,Other,0
2020-08-03,Other,0
2020-08-04,Other,0
2020-08-05,Other,0
2020-08-06,Other,0
2020-08-07,Other,0
2020-08-08,Other,0
2020-08-09,Other,0
2020-08-10,Other,0
2020-08-11,Other,0
2020-08-12,Other,0
2020-08-13,Other,0
2020-08-14,Other,0
2020-08-15,Other,0
2020-08-16,Other,0
2020-08-17,Other,1
2020-08-18,Other,0
2020-08-19,Other,0
2020-08-20,Other,0
2020-08-21,Other,0
2020-08-22,Other,0
2020-08-23,Other,0
2020-08-24,Other,0
2020-08-25,Other,0
2020-08-26,Other,0
2020-08-27,Other,0
2020-08-28,Other,0
2020-08-29,Other,0
2020-08-30,Other,0
2020-08-31,Other,0
2020-09-01,Other,0
2020-09-02,Other,0
2020-09-03,Other,0
2020-09-04,Other,0
2020-09-05,Other,0
2020-09-06,Other,0
2020-09-07,Other,0
2020-09-08,Other,0
2020-09-09,Other,0
2020-09-10,Other,0
2020-09-11,Other,0
2020-09-12,Other,0
2020-09-13,Other,0
2020-09-14,Other,0
2020-09-15,Other,0
2020-09-16,Other,0
2020-09-17,Other,2
2020-09-18,Other,0
2020-09-19,Other,0
2020-09-20,Other,0
2020-09-21,Other,0
2020-09-22,Other,0
2020-09-23,Other,0
2020-09-24,Other,0
2020-09-25,Other,0
2020-09-26,Other,0
2020-09-27,Other,0
2020-09-28,Other,0
2020-09-29,Other,0
2020-09-30,Other,0
2020-10-01,Other,0
2020-10-02,Other,0
2020-10-03,Other,0
2020-10-04,Other,0
2020-10-05,Other,0
2020-10-06,Other,0
2020-10-07,Other,0
2020-10-08,Other,0
2020-10-09,Other,0
2020-10-10,Other,0
2020-10-11,Other,0
2020-10-12,Other,0
2020-10-13,Other,0
2020-10-14,Other,0
2020-10-15,Other,0
2020-10-16,Other,0
2020-10-17,Other,0
2020-10-18,Other,0
2020-10-19,Other,0
2020-10-20,Other,0
2020-10-21,Other,0
2020-10-22,Other,0
2020-10-23,Other,0
2020-10-24,Other,0
2020-10-25,Other,0
2020-10-26,Other,0
2020-10-27,Other,0
2020-10-28,Other,0
2020-10-29,Other,0
2020-10-30,Other,0
2020-10-31,Other,0
2020-11-01,Other,0
2020-11-02,Other,0
2020-11-03,Other,0
2020-11-04,Other,0
2020-11-05,Other,0
2020-11-06,Other,0
2020-11-07,Other,0
2020-11-08,Other,0
2020-11-09,Other,0
2020-11-10,Other,0
2020-11-11,Other,0
2020-11-12,Other,0
2020-11-13,Other,0
2020-11-14,Other,0
2020-11-15,Other,0
2020-11-16,Other,0
2020-11-17,Other,0
2020-11-18,Other,0
2020-11-19,Other,0
2020-11-20,Other,0
2020-11-21,Other,0
2020-11-22,Other,0
2020-11-23,Other,0
2020-11-24,Other,0
2020-11-25,Other,0
2020-11-26,Other,0
2020-11-27,Other,0
2020-11-28,Other,0
2020-11-29,Other,0
2020-11-30,Other,0
2020-12-01,Other,0
2020-12-02,Other,0
2020-12-03,Other,0
2020-12-04,Other,0
2020-12-05,Other,0
2020-12-06,Other,0
2020-12-07,Other,0
2020-12-08,Other,0
2020-12-09,Other,0
2020-12-10,Other,0
2020-12-11,Other,0
2020-12-12,Other,0
2020-12-13,Other,0
2020-12-14,Other,0
2020-12-15,Other,0
2020-12-16,Other,0
2020-12-17,Other,0
2020-12-18,Other,0
2020-12-19,Other,0
2020-12-20,Other,0
2020-12-21,Other,0
2020-12-22,Other,0
2020-12-23,Other,0
2020-12-24,Other,0
2020-12-25,Other,0
2020-12-26,Other,0
2020-12-27,Other,0
2020-12-28,Other,0
2020-12-29,Other,0
2020-12-30,Other,0
2020-12-31,Other,0
2021-01-01,Other,0
2021-01-02,Other,0
2021-01-03,Other,0
2021-01-04,Other,0
2021-01-05,Other,0
2021-01-06,Other,0
2021-01-07,Other,0
2021-01-08,Other,0
2021-01-09,Other,0
2021-01-10,Other,0
2021-01-11,Other,0
2021-01-12,Other,0
2021-01-13,Other,0
2021-01-14,Other,0
2021-01-15,Other,0
2021-01-16,Other,0
2021-01-17,Other,0
2021-01-18,Other,0
2021-01-19,Other,0
2021-01-20,Other,0
2021-01-21,Other,0
2021-01-22,Other,0
2021-01-23,Other,0
2021-01-24,Other,0
2021-01-25,Other,0
2021-01-26,Other,0
2021-01-27,Other,0
2021-01-28,Other,0
2021-01-29,Other,0
2021-01-30,Other,0
2021-01-31,Other,0
2021-02-01,Other,0
2021-02-02,Other,0
2021-02-03,Other,0
2021-02-04,Other,0
2021-02-05,Other,0
2021-02-06,Other,0
2021-02-07,Other,0
2021-02-08,Other,0
2021-02-09,Other,0
2021-02-10,Other,0
2021-02-11,Other,0
2021-02-12,Other,0
2021-02-13,Other,0
2021-02-14,Other,0
2021-02-15,Other,0
2021-02-16,Other,0
2021-02-17,Other,0
2021-02-18,Other,0
2021-02-19,Other,0
2021-02-20,Other,0
2021-02-21,Other,0
2021-02-22,Other,0
2021-02-23,Other,0
2021-02-24,Other,0
2021-02-25,Other,0
2021-02-26,Other,0
2021-02-27,Other,0
2021-02-28,Other,0
2021-03-01,Other,0
2021-03-02,Other,0
2021-03-03,Other,0
2021-03-04,Other,0
2021-03-05,Other,0
2021-03-06,Other,0
2021-03-07,Other,0
2021-03-08,Other,0
2021-03-09,Other,0
2021-03-10,Other,0
2021-03-11,Other,0
2021-03-12,Other,0
2021-03-13,Other,0
2021-03-14,Other,0
2021-03-15,Other,0
2021-03-16,Other,0
2021-03-17,Other,0
2021-03-18,Other,0
2021-03-19,Other,0
2021-03-20,Other,0
2021-03-21,Other,0
2021-03-22,Other,0
2021-03-23,Other,0
2021-03-24,Other,0
2021-03-25,Other,0
2021-03-26,Other,0
2021-03-27,Other,0
2021-03-28,Other,0
2021-03-29,Other,0
2021-03-30,Other,0
2021-03-31,Other,0
2021-04-01,Other,0
2021-04-02,Other,0
2021-04-03,Other,0
2021-04-04,Other,0
2021-04-05,Other,0
2021-04-06,Other,0
2021-04-07,Other,0
2021-04-08,Other,0
2021-04-09,Other,0
2021-04-10,Other,0
2021-04-11,Other,0
2021-04-12,Other,0
2021-04-13,Other,0
2021-04-14,Other,0
2021-04-15,Other,0
2021-04-16,Other,0
2021-04-17,Other,0
2021-04-18,Other,0
2021-04-19,Other,0
2021-04-20,Other,0
2021-04-21,Other,0
2021-04-22,Other,0
2021-04-23,Other,0
2021-04-24,Other,0
2021-04-25,Other,0
2021-04-26,Other,0
2021-04-27,Other,0
2021-04-28,Other,0
2021-04-29,Other,0
2021-04-30,Other,0
2021-05-01,Other,0
2021-05-02,Other,0
2021-05-03,Other,0
2021-05-04,Other,0
2021-05-05,Other,0
2021-05-06,Other,0
2021-05-07,Other,0
2021-05-08,Other,0
2021-05-09,Other,0
2021-05-10,Other,0
2021-05-11,Other,0
2021-05-12,Other,0
2021-05-13,Other,0
2021-05-14,Other,0
2021-05-15,Other,0
2021-05-16,Other,0
2021-05-17,Other,0
2021-05-18,Other,0
2021-05-19,Other,0
2021-05-20,Other,0
2021-05-21,Other,0
2021-05-22,Other,0
2021-05-23,Other,0
2021-05-24,Other,0
2021-05-25,Other,0
2021-05-26,Other,0
2021-05-27,Other,0
2021-05-28,Other,0
2021-05-29,Other,0
2021-05-30,Other,0
2021-05-31,Other,0
2021-06-01,Other,0
2021-06-02,Other,0
2021-06-03,Other,0
2021-06-04,Other,0
2021-06-05,Other,0
2021-06-06,Other,0
2021-06-07,Other,0
2021-06-08,Other,0
2021-06-09,Other,0
2021-06-10,Other,0
2021-06-11,Other,0
2021-06-12,Other,0
2021-06-13,Other,0
2021-06-14,Other,0
2021-06-15,Other,0
2021-06-16,Other,0
2021-06-17,Other,0
2021-06-18,Other,0
2021-06-19,Other,0
2021-06-20,Other,0
2021-06-21,Other,0
2021-06-22,Other,0
2021-06-23,Other,0
2021-06-24,Other,0
2021-06-25,Other,0
2021-06-26,Other,0
2021-06-27,Other,0
2021-06-28,Other,0
2021-06-29,Other,0
2021-06-30,Other,0
2021-07-01,Other,0
2021-07-02,Other,0
2021-07-03,Other,0
2021-07-04,Other,0
2021-07-05,Other,0
2021-07-06,Other,0
2021-07-07,Other,0
2021-07-08,Other,0
2021-07-09,Other,0
2021-07-10,Other,0
2021-07-11,Other,0
2021-07-12,Other,0
2021-07-13,Other,0
2021-07-14,Other,0
2021-07-15,Other,0
2021-07-16,Other,0
2021-07-17,Other,0
2021-07-18,Other,0
2021-07-19,Other,0
2021-07-20,Other,0
2021-07-21,Other,0
2021-07-22,Other,0
2021-07-23,Other,0
2021-07-24,Other,0
2021-07-25,Other,0
2021-07-26,Other,0
2021-07-27,Other,0
2021-07-28,Other,0
2021-07-29,Other,0
2021-07-30,Other,0
2021-07-31,Other,0
2021-08-01,Other,0
2021-08-02,Other,0
2021-08-03,Other,0
2021-08-04,Other,0
2021-08-05,Other,0
2021-08-06,Other,0
2021-08-07,Other,0
2021-08-08,Other,0
2021-08-09,Other,0
2021-08-10,Other,0
2021-08-11,Other,0
2021-08-12,Other,0
2021-08-13,Other,0
2021-08-14,Other,0
2021-08-15,Other,0
2021-08-16,Other,0
2021-08-17,Other,0
2021-08-18,Other,0
2021-08-19,Other,0
2021-08-20,Other,0
2021-08-21,Other,0
2021-08-22,Other,0
2021-08-23,Other,0
2021-08-24,Other,0
2021-08-25,Other,0
2021-08-26,Other,0
2021-08-27,Other,0
2021-08-28,Other,0
2021-08-29,Other,0
2021-08-30,Other,0
2021-08-31,Other,0
2021-09-01,Other,0
2021-09-02,Other,0
2021-09-03,Other,0
2021-09-04,Other,0
2021-09-05,Other,0
2021-09-06,Other,0
2021-09-07,Other,0
2021-09-08,Other,0
2021-09-09,Other,0
2021-09-10,Other,0
2021-09-11,Other,0
2021-09-12,Other,0
2021-09-13,Other,0
2021-09-14,Other,0
2021-09-15,Other,0
2021-09-16,Other,0
2021-09-17,Other,0
2021-09-18,Other,0
2021-09-19,Other,0
2021-09-20,Other,0
2021-09-21,Other,0
2021-09-22,Other,0
2021-09-23,Other,0
2021-09-24,Other,0
2021-09-25,Other,0
2021-09-26,Other,0
2021-09-27,Other,0
2021-09-28,Other,0
2021-09-29,Other,0
2021-09-30,Other,0
2021-10-01,Other,0
2021-10-02,Other,0
2021-10-03,Other,0
2021-10-04,Other,0
2021-10-05,Other,0
2021-10-06,Other,0
2021-10-07,Other,0
2021-10-08,Other,0
2021-10-09,Other,0
2021-10-10,Other,0
2021-10-11,Other,0
2021-10-12,Other,0
2021-10-13,Other,0
2021-10-14,Other,0
2021-10-15,Other,0
2021-10-16,Other,0
2021-10-17,Other,0
2021-10-18,Other,0
2021-10-19,Other,0
2021-10-20,Other,0
2021-10-21,Other,0
2021-10-22,Other,0
2021-10-23,Other,0
2021-10-24,Other,0
2021-10-25,Other,0
2021-10-26,Other,0
2021-10-27,Other,0
2021-10-28,Other,0
2021-10-29,Other,0
2021-10-30,Other,0
2021-10-31,Other,0
2021-11-01,Other,0
2021-11-02,Other,0
2021-11-03,Other,0
2021-11-04,Other,0
2021-11-05,Other,0
2021-11-06,Other,0
2021-11-07,Other,0
2021-11-08,Other,0
2021-11-09,Other,0
2021-11-10,Other,0
2021-11-11,Other,0
2021-11-12,Other,0
2021-11-13,Other,0
2021-11-14,Other,0
2021-11-15,Other,0
2021-11-16,Other,0
2021-11-17,Other,0
2021-11-18,Other,0
2021-11-19,Other,0
2021-11-20,Other,0
2021-11-21,Other,0
2021-11-22,Other,0
2021-11-23,Other,0
2021-11-24,Other,0
2021-11-25,Other,0
2021-11-26,Other,0
2021-11-27,Other,0
2021-11-28,Other,0
2021-11-29,Other,0
2021-11-30,Other,0
2021-12-01,Other,0
2021-12-02,Other,0
2021-12-03,Other,0
2021-12-04,Other,0
2021-12-05,Other,0
2021-12-06,Other,0
2021-12-07,Other,0
2021-12-08,Other,0
2021-12-09,Other,0
2021-12-10,Other,0
2021-12-11,Other,0
2021-12-12,Other,0
2021-12-13,Other,0
2021-12-14,Other,0
2021-12-15,Other,0
2021-12-16,Other,0
2021-12-17,Other,0
2021-12-18,Other,0
2021-12-19,Other,0
2021-12-20,Other,0
2021-12-21,Other,0
2021-12-22,Other,0
2021-12-23,Other,0
2021-12-24,Other,0
2021-12-25,Other,0
2021-12-26,Other,0
2021-12-27,Other,0
2021-12-28,Other,0
2021-12-29,Other,0
2021-12-30,Other,0
2021-12-31,Other,0
2022-01-01,Other,0
2022-01-02,Other,0
2022-01-03,Other,0
2022-01-04,Other,0
2022-01-05,Other,0
2022-01-06,Other,0
2022-01-07,Other,0
2022-01-08,Other,0
2022-01-09,Other,0
2022-01-10,Other,0
2022-01-11,Other,0
2022-01-12,Other,0
2022-01-13,Other,0
2022-01-14,Other,0
2022-01-15,Other,0
2022-01-16,Other,0
2022-01-17,Other,0
2022-01-18,Other,0
2022-01-19,Other,0
2022-01-20,Other,0
2022-01-21,Other,0
2022-01-22,Other,0
2022-01-23,Other,0
2022-01-24,Other,0
2022-01-25,Other,0
2022-01-26,Other,0
2022-01-27,Other,0
2022-01-28,Other,0
2022-01-29,Other,0
2022-01-30,Other,0
2022-01-31,Other,0
2022-02-01,Other,0
2022-02-02,Other,0
2022-02-03,Other,0
2022-02-04,Other,0
2022-02-05,Other,0
2022-02-06,Other,0
2022-02-07,Other,0
2022-02-08,Other,0
2022-02-09,Other,0
2022-02-10,Other,0
2022-02-11,Other,0
2022-02-12,Other,0
2022-02-13,Other,0
2022-02-14,Other,0
2022-02-15,Other,0
2022-02-16,Other,0
2022-02-17,Other,0
2022-02-18,Other,0
2022-02-19,Other,0
2022-02-20,Other,0
2022-02-21,Other,0
2022-02-22,Other,0
2022-02-23,Other,0
2022-02-24,Other,0
2022-02-25,Other,0
2022-02-26,Other,0
2022-02-27,Other,0
2022-02-28,Other,0
2022-03-01,Other,0
2022-03-02,Other,0
2022-03-03,Other,0
2022-03-04,Other,0
2022-03-05,Other,0
2022-03-06,Other,0
2022-03-07,Other,0
2022-03-08,Other,0
2022-03-09,Other,0
2022-03-10,Other,0
2022-03-11,Other,0
2022-03-12,Other,0
2022-03-13,Other,0
2022-03-14,Other,0
2022-03-15,Other,0
2022-03-16,Other,0
2022-03-17,Other,0
2022-03-18,Other,0
2022-03-19,Other,0
2022-03-20,Other,0
2022-03-21,Other,0
2022-03-22,Other,0
2022-03-23,Other,0
2022-03-24,Other,0
2022-03-25,Other,0
2022-03-26,Other,0
2022-03-27,Other,0
2022-03-28,Other,0
2022-03-29,Other,0
2022-03-30,Other,0
2022-03-31,Other,0
2022-04-01,Other,0
2022-04-02,Other,0
2022-04-03,Other,0
2022-04-04,Other,0
2022-04-05,Other,0
2022-04-06,Other,0
2022-04-07,Other,0
2022-04-08,Other,0
2022-04-09,Other,0
2022-04-10,Other,0
2022-04-11,Other,0
2022-04-12,Other,0
2022-04-13,Other,0
2022-04-14,Other,0
2022-04-15,Other,0
2022-04-16,Other,0
2022-04-17,Other,0
2022-04-18,Other,0
2022-04-19,Other,0
2022-04-20,Other,0
2022-04-21,Other,0
2022-04-22,Other,0
2022-04-23,Other,0
2022-04-24,Other,0
2022-04-25,Other,0
2022-04-26,Other,0
2022-04-27,Other,0
2022-04-28,Other,0
2022-04-29,Other,0
2022-04-30,Other,0
2022-05-01,Other,0
2022-05-02,Other,0
2022-05-03,Other,0
2022-05-04,Other,0
2022-05-05,Other,0
2022-05-06,Other,0
2022-05-07,Other,0
2022-05-08,Other,0
2022-05-09,Other,0
2022-05-10,Other,0
2022-05-11,Other,0
2022-05-12,Other,0
2022-05-13,Other,0
2022-05-14,Other,0
2022-05-15,Other,0
2022-05-16,Other,0
2022-05-17,Other,0
2022-05-18,Other,0
2022-05-19,Other,0
2022-05-20,Other,0
2022-05-21,Other,0
2022-05-22,Other,0
2022-05-23,Other,0
2022-05-24,Other,0
2022-05-25,Other,0
2022-05-26,Other,0
2022-05-27,Other,0
2022-05-28,Other,0
2022-05-29,Other,0
2022-05-30,Other,0
2022-05-31,Other,0
2022-06-01,Other,0
2022-06-02,Other,0
2022-06-03,Other,0
2022-06-04,Other,0
2022-06-05,Other,0
2022-06-06,Other,0
2022-06-07,Other,0
2022-06-08,Other,0
2022-06-09,Other,0
2022-06-10,Other,0
2022-06-11,Other,0
2022-06-12,Other,0
2022-06-13,Other,0
2022-06-14,Other,0
2022-06-15,Other,0
2022-06-16,Other,0
2022-06-17,Other,0
2022-06-18,Other,0
2022-06-19,Other,0
2022-06-20,Other,0
2022-06-21,Other,0
2022-06-22,Other,0
2022-06-23,Other,0
2022-06-24,Other,0
2022-06-25,Other,0
2022-06-26,Other,0
2022-06-27,Other,0
2022-06-28,Other,0
2022-06-29,Other,0
2022-06-30,Other,0
2022-07-01,Other,0
2022-07-02,Other,0
2022-07-03,Other,0
2022-07-04,Other,0
2022-07-05,Other,0
2022-07-06,Other,0
2022-07-07,Other,0
2022-07-08,Other,0
2022-07-09,Other,0
2022-07-10,Other,0
2022-07-11,Other,0
2022-07-12,Other,0
2022-07-13,Other,0
2022-07-14,Other,0
2022-07-15,Other,0
2022-07-16,Other,0
2022-07-17,Other,0
2022-07-18,Other,0
2022-07-19,Other,0
2022-07-20,Other,0
2022-07-21,Other,0
2022-07-22,Other,0
2022-07-23,Other,0
2022-07-24,Other,0
2022-07-25,Other,0
2022-07-26,Other,0
2022-07-27,Other,0
2022-07-28,Other,0
2022-07-29,Other,0
2022-07-30,Other,0
2022-07-31,Other,0
2022-08-01,Other,0
2022-08-02,Other,0
2022-08-03,Other,0
2022-08-04,Other,0
2022-08-05,Other,0
2022-08-06,Other,0
2022-08-07,Other,0
2022-08-08,Other,0
2022-08-09,Other,0
2022-08-10,Other,0
2022-08-11,Other,0
2022-08-12,Other,0
2022-08-13,Other,0
2022-08-14,Other,0
2022-08-15,Other,0
2022-08-16,Other,0
2022-08-17,Other,0
2022-08-18,Other,0
2022-08-19,Other,0
2022-08-20,Other,0
2022-08-21,Other,0
2022-08-22,Other,0
2022-08-23,Other,0
2022-08-24,Other,0
2022-08-25,Other,0
2022-08-26,Other,0
2022-08-27,Other,0
2022-08-28,Other,0
2022-08-29,Other,0
2022-08-30,Other,0
2022-08-31,Other,0
2022-09-01,Other,0
2022-09-02,Other,0
2022-09-03,Other,0
2022-09-04,Other,0
2022-09-05,Other,0
2022-09-06,Other,0
2022-09-07,Other,0
2022-09-08,Other,0
2022-09-09,Other,0
2022-09-10,Other,0
2022-09-11,Other,0
2022-09-12,Other,0
2022-09-13,Other,0
2022-09-14,Other,0
2022-09-15,Other,0
2022-09-16,Other,0
2022-09-17,Other,0
2022-09-18,Other,0
2022-09-19,Other,0
2022-09-20,Other,0
2022-09-21,Other,0
2022-09-22,Other,0
2022-09-23,Other,0
2022-09-24,Other,0
2022-09-25,Other,0
2022-09-26,Other,0
2022-09-27,Other,0
2022-09-28,Other,0
2022-09-29,Other,0
2022-09-30,Other,0
2022-10-01,Other,0
2022-10-02,Other,0
2022-10-03,Other,0
2022-10-04,Other,0
2022-10-05,Other,0
2022-10-06,Other,0
2022-10-07,Other,0
2022-10-08,Other,0
2022-10-09,Other,0
2022-10-10,Other,0
2022-10-11,Other,0
2022-10-12,Other,0
2022-10-13,Other,0
2022-10-14,Other,0
2022-10-15,Other,0
2022-10-16,Other,0
2022-10-17,Other,0
2022-10-18,Other,0
2022-10-19,Other,0
2022-10-20,Other,0
2022-10-21,Other,0
2022-10-22,Other,0
2022-10-23,Other,0
2022-10-24,Other,0
2022-10-25,Other,0
2022-10-26,Other,0
2022-10-27,Other,0
2022-10-28,Other,0
2022-10-29,Other,0
2022-10-30,Other,0
2022-10-31,Other,0
2022-11-01,Other,0
2022-11-02,Other,0
2022-11-03,Other,0
2022-11-04,Other,0
2022-11-05,Other,0
2022-11-06,Other,0
2022-11-07,Other,0
2022-11-08,Other,0
2022-11-09,Other,0
2022-11-10,Other,0
2022-11-11,Other,0
2022-11-12,Other,0
2022-11-13,Other,0
2022-11-14,Other,0
2022-11-15,Other,0
2022-11-16,Other,0
2022-11-17,Other,0
2022-11-18,Other,0
2022-11-19,Other,0
2022-11-20,Other,0
2022-11-21,Other,0
2022-11-22,Other,0
2022-11-23,Other,0
2022-11-24,Other,0
2022-11-25,Other,0
2022-11-26,Other,0
2022-11-27,Other,0
2022-11-28,Other,0
2022-11-29,Other,0
2022-11-30,Other,1
2022-12-01,Other,0
2022-12-02,Other,1
2022-12-03,Other,0
2022-12-04,Other,0
2022-12-05,Other,1
2022-12-06,Other,0
2022-12-07,Other,0
2022-12-08,Other,0
2022-12-09,Other,0
2022-12-10,Other,0
2022-12-11,Other,1
2022-12-12,Other,0
2022-12-13,Other,0
2022-12-14,Other,0
2022-12-15,Other,0
2022-12-16,Other,0
2022-12-17,Other,0
2022-12-18,Other,1
2022-12-19,Other,0
2022-12-20,Other,0
2022-12-21,Other,0
2022-12-22,Other,0
2022-12-23,Other,0
2022-12-24,Other,0
2022-12-25,Other,0
2022-12-26,Other,0
2022-12-27,Other,0
2022-12-28,Other,0
2022-12-29,Other,0
2022-12-30,Other,0
2022-12-31,Other,0
2023-01-01,Other,0
2023-01-02,Other,0
2023-01-03,Other,0
2023-01-04,Other,0
2023-01-05,Other,0
2023-01-06,Other,0
2023-01-07,Other,0
2023-01-08,Other,0
2023-01-09,Other,0
2023-01-10,Other,0
2023-01-11,Other,0
2023-01-12,Other,0
2023-01-13,Other,0
2023-01-14,Other,0
2023-01-15,Other,0
2023-01-16,Other,0
2023-01-17,Other,0
2023-01-18,Other,0
2023-01-19,Other,0
2023-01-20,Other,0
2023-01-21,Other,0
2023-01-22,Other,0
2023-01-23,Other,0
2023-01-24,Other,0
2023-01-25,Other,0
2023-01-26,Other,0
2023-01-27,Other,0
2023-01-28,Other,0
2023-01-29,Other,0
2023-01-30,Other,0
2023-01-31,Other,0
2023-02-01,Other,0
2023-02-02,Other,0
2023-02-03,Other,0
2023-02-04,Other,0
2023-02-05,Other,0
2023-02-06,Other,0
2023-02-07,Other,0
2023-02-08,Other,0
2023-02-09,Other,0
2023-02-10,Other,0
2023-02-11,Other,0
2023-02-12,Other,0
2023-02-13,Other,0
2023-02-14,Other,0
2023-02-15,Other,0
2023-02-16,Other,0
2023-02-17,Other,0
2023-02-18,Other,0
2023-02-19,Other,0
2023-02-20,Other,0
2023-02-21,Other,0
2023-02-22,Other,0
2023-02-23,Other,0
2023-02-24,Other,0
2023-02-25,Other,0
2023-02-26,Other,0
2023-02-27,Other,0
2023-02-28,Other,0
2023-03-01,Other,0
2023-03-02,Other,0
2023-03-03,Other,0
2023-03-04,Other,0
2023-03-05,Other,0
2023-03-06,Other,0
2023-03-07,Other,0
2023-03-08,Other,0
2023-03-09,Other,0
2023-03-10,Other,0
2023-03-11,Other,0
2023-03-12,Other,0
2023-03-13,Other,0
2023-03-14,Other,0
2023-03-15,Other,0
2023-03-16,Other,0
2023-03-17,Other,0
2023-03-18,Other,0
2023-03-19,Other,0
2023-03-20,Other,0
2023-03-21,Other,0
2023-03-22,Other,0
2023-03-23,Other,0
2023-03-24,Other,0
2023-03-25,Other,0
2023-03-26,Other,0
2023-03-27,Other,0
2023-03-28,Other,0
2023-03-29,Other,0
2023-03-30,Other,0
2023-03-31,Other,0
2023-04-01,Other,0
2023-04-02,Other,0
2023-04-03,Other,0
2023-04-04,Other,0
2023-04-05,Other,0
2023-04-06,Other,0
2023-04-07,Other,0
2023-04-08,Other,0
2023-04-09,Other,0
2023-04-10,Other,0
2023-04-11,Other,0
2023-04-12,Other,0
2023-04-13,Other,0
2023-04-14,Other,0
2023-04-15,Other,0
2023-04-16,Other,0
2023-04-17,Other,0
2023-04-18,Other,0
2023-04-19,Other,0
2023-04-20,Other,0
2023-04-21,Other,0
2023-04-22,Other,0
2023-04-23,Other,0
2023-04-24,Other,0
2023-04-25,Other,0
2023-04-26,Other,0
2023-04-27,Other,0
2023-04-28,Other,0
2023-04-29,Other,0
2023-04-30,Other,0
2023-05-01,Other,0
2023-05-02,Other,0
2023-05-03,Other,0
2023-05-04,Other,0
2023-05-05,Other,0
2023-05-06,Other,0
2023-05-07,Other,0
2023-05-08,Other,0
2023-05-09,Other,0
2023-05-10,Other,0
2023-05-11,Other,0
2023-05-12,Other,0
2023-05-13,Other,0
2023-05-14,Other,0
2023-05-15,Other,0
2023-05-16,Other,0
2023-05-17,Other,0
2023-05-18,Other,0
2023-05-19,Other,0
2023-05-20,Other,0
2023-05-21,Other,0
2023-05-22,Other,0
2023-05-23,Other,0
2023-05-24,Other,0
2023-05-25,Other,0
2023-05-26,Other,0
2023-05-27,Other,0
2023-05-28,Other,0
2023-05-29,Other,0
2023-05-30,Other,0
2023-05-31,Other,0
2023-06-01,Other,0
2023-06-02,Other,0
2023-06-03,Other,0
2023-06-04,Other,0
2023-06-05,Other,0
2023-06-06,Other,0
2023-06-07,Other,0
2023-06-08,Other,0
2023-06-09,Other,0
2023-06-10,Other,0
2023-06-11,Other,0
2023-06-12,Other,0
2023-06-13,Other,0
2023-06-14,Other,0
2023-06-15,Other,0
2023-06-16,Other,0
2023-06-17,Other,0
2023-06-18,Other,0
2023-06-19,Other,0
2023-06-20,Other,0
2023-06-21,Other,0
2023-06-22,Other,0
2023-06-23,Other,0
2023-06-24,Other,0
2023-06-25,Other,0
2023-06-26,Other,0
2023-06-27,Other,0
2023-06-28,Other,0
2023-06-29,Other,0
2023-06-30,Other,0
2023-07-01,Other,0
2023-07-02,Other,0
2023-07-03,Other,0
2023-07-04,Other,0
2023-07-05,Other,0
2023-07-06,Other,0
2023-07-07,Other,0
2023-07-08,Other,0
2023-07-09,Other,0
2023-07-10,Other,0
2023-07-11,Other,0
2023-07-12,Other,0
2023-07-13,Other,0
2023-07-14,Other,0
2023-07-15,Other,0
2023-07-16,Other,0
2023-07-17,Other,0
2023-07-18,Other,0
2023-07-19,Other,0
2023-07-20,Other,0
2023-07-21,Other,0
2023-07-22,Other,0
2023-07-23,Other,0
2023-07-24,Other,0
2023-07-25,Other,0
2023-07-26,Other,0
2023-07-27,Other,0
2023-07-28,Other,0
2023-07-29,Other,0
2023-07-30,Other,0
2023-07-31,Other,0
2023-08-01,Other,0
2023-08-02,Other,0
2023-08-03,Other,0
2023-08-04,Other,0
2023-08-05,Other,0
2023-08-06,Other,0
2023-08-07,Other,0
2023-08-08,Other,0
2023-08-09,Other,0
2023-08-10,Other,0
2023-08-11,Other,0
2023-08-12,Other,0
2023-08-13,Other,0
2023-08-14,Other,0
2023-08-15,Other,0
2023-08-16,Other,0
2023-08-17,Other,0
2023-08-18,Other,0
2023-08-19,Other,0
2023-08-20,Other,0
2023-08-21,Other,0
2023-08-22,Other,0
2023-08-23,Other,0
2023-08-24,Other,0
2023-08-25,Other,0
2023-08-26,Other,0
2023-08-27,Other,0
2023-08-28,Other,0
2023-08-29,Other,0
2023-08-30,Other,0
2023-08-31,Other,0
2023-09-01,Other,0
2023-09-02,Other,0
2023-09-03,Other,0
2023-09-04,Other,0
2023-09-05,Other,0
2023-09-06,Other,0
2023-09-07,Other,0
2023-09-08,Other,0
2023-09-09,Other,0
2023-09-10,Other,0
2023-09-11,Other,0
2023-09-12,Other,0
2023-09-13,Other,0
2023-09-14,Other,0
2023-09-15,Other,0
2023-09-16,Other,0
2023-09-17,Other,0
2023-09-18,Other,0
2023-09-19,Other,0
2023-09-20,Other,0
2023-09-21,Other,0
2023-09-22,Other,0
2023-09-23,Other,0
2023-09-24,Other,0
2023-09-25,Other,0
2023-09-26,Other,0
2023-09-27,Other,0
2023-09-28,Other,0
2023-09-29,Other,0
2023-09-30,Other,0
2023-10-01,Other,0
2023-10-02,Other,0
2023-10-03,Other,0
2023-10-04,Other,0
2023-10-05,Other,0
2023-10-06,Other,0
2023-10-07,Other,0
2023-10-08,Other,0
2023-10-09,Other,0
2023-10-10,Other,0
2023-10-11,Other,0
2023-10-12,Other,0
2023-10-13,Other,0
2023-10-14,Other,0
2023-10-15,Other,0
2023-10-16,Other,0
2023-10-17,Other,0
2023-10-18,Other,0
2023-10-19,Other,0
2023-10-20,Other,0
2023-10-21,Other,0
2023-10-22,Other,0
2023-10-23,Other,0
2023-10-24,Other,0
2023-10-25,Other,0
2023-10-26,Other,0
2023-10-27,Other,0
2023-10-28,Other,0
2023-10-29,Other,0
2023-10-30,Other,0
2023-10-31,Other,0
2023-11-01,Other,0
2023-11-02,Other,0
2023-11-03,Other,0
2023-11-04,Other,0
2023-11-05,Other,0
2023-11-06,Other,0
2023-11-07,Other,0
2023-11-08,Other,0
2023-11-09,Other,0
2023-11-10,Other,0
2023-11-11,Other,0
2023-11-12,Other,0
2023-11-13,Other,0
2023-11-14,Other,0
2023-11-15,Other,0
2023-11-16,Other,0
2023-11-17,Other,0
2023-11-18,Other,0
2023-11-19,Other,0
2023-11-20,Other,0
2023-11-21,Other,0
2023-11-22,Other,0
2023-11-23,Other,0
2023-11-24,Other,0
2023-11-25,Other,0
2023-11-26,Other,0
2023-11-27,Other,0
2023-11-28,Other,0
2023-11-29,Other,0
2023-11-30,Other,0
2023-12-01,Other,0
2023-12-02,Other,0
2023-12-03,Other,0
2023-12-04,Other,0
2023-12-05,Other,0
2023-12-06,Other,0
2023-12-07,Other,0
2023-12-08,Other,0
2023-12-09,Other,0
2023-12-10,Other,0
2023-12-11,Other,0
2023-12-12,Other,0
2023-12-13,Other,0
2023-12-14,Other,0
2023-12-15,Other,0
2023-12-16,Other,0
2023-12-17,Other,0
2023-12-18,Other,0
2023-12-19,Other,0
2023-12-20,Other,0
2023-12-21,Other,0
2023-12-22,Other,0
2023-12-23,Other,0
2023-12-24,Other,0
2023-12-25,Other,0
2023-12-26,Other,0
2023-12-27,Other,0
2023-12-28,Other,0
2020-06-28,Videos,1
2020-06-29,Videos,72
2020-06-30,Videos,76
2020-07-01,Videos,70
2020-07-02,Videos,57
2020-07-03,Videos,49
2020-07-04,Videos,32
2020-07-05,Videos,53
2020-07-06,Videos,24
2020-07-07,Videos,1
2020-07-08,Videos,2
2020-07-09,Videos,2
2020-07-10,Videos,0
2020-07-11,Videos,1
2020-07-12,Videos,0
2020-07-13,Videos,61
2020-07-14,Videos,99
2020-07-15,Videos,32
2020-07-16,Videos,54
2020-07-17,Videos,24
2020-07-18,Videos,14
2020-07-19,Videos,9
2020-07-20,Videos,39
2020-07-21,Videos,18
2020-07-22,Videos,24
2020-07-23,Videos,94
2020-07-24,Videos,55
2020-07-25,Videos,32
2020-07-26,Videos,24
2020-07-27,Videos,26
2020-07-28,Videos,39
2020-07-29,Videos,23
2020-07-30,Videos,26
2020-07-31,Videos,10
2020-08-01,Videos,4
2020-08-02,Videos,6
2020-08-03,Videos,24
2020-08-04,Videos,20
2020-08-05,Videos,108
2020-08-06,Videos,41
2020-08-07,Videos,26
2020-08-08,Videos,11
2020-08-09,Videos,26
2020-08-10,Videos,44
2020-08-11,Videos,75
2020-08-12,Videos,55
2020-08-13,Videos,41
2020-08-14,Videos,18
2020-08-15,Videos,17
2020-08-16,Videos,14
2020-08-17,Videos,19
2020-08-18,Videos,18
2020-08-19,Videos,23
2020-08-20,Videos,25
2020-08-21,Videos,15
2020-08-22,Videos,1
2020-08-23,Videos,4
2020-08-24,Videos,15
2020-08-25,Videos,27
2020-08-26,Videos,18
2020-08-27,Videos,20
2020-08-28,Videos,15
2020-08-29,Videos,3
2020-08-30,Videos,10
2020-08-31,Videos,22
2020-09-01,Videos,38
2020-09-02,Videos,24
2020-09-03,Videos,42
2020-09-04,Videos,21
2020-09-05,Videos,20
2020-09-06,Videos,30
2020-09-07,Videos,16
2020-09-08,Videos,30
2020-09-09,Videos,34
2020-09-10,Videos,10
2020-09-11,Videos,16
2020-09-12,Videos,12
2020-09-13,Videos,3
2020-09-14,Videos,31
2020-09-15,Videos,20
2020-09-16,Videos,16
2020-09-17,Videos,46
2020-09-18,Videos,32
2020-09-19,Videos,51
2020-09-20,Videos,30
2020-09-21,Videos,53
2020-09-22,Videos,67
2020-09-23,Videos,39
2020-09-24,Videos,57
2020-09-25,Videos,34
2020-09-26,Videos,21
2020-09-27,Videos,20
2020-09-28,Videos,27
2020-09-29,Videos,33
2020-09-30,Videos,30
2020-10-01,Videos,32
2020-10-02,Videos,12
2020-10-03,Videos,16
2020-10-04,Videos,19
2020-10-05,Videos,9
2020-10-06,Videos,19
2020-10-07,Videos,14
2020-10-08,Videos,21
2020-10-09,Videos,4
2020-10-10,Videos,13
2020-10-11,Videos,13
2020-10-12,Videos,10
2020-10-13,Videos,17
2020-10-14,Videos,34
2020-10-15,Videos,15
2020-10-16,Videos,32
2020-10-17,Videos,5
2020-10-18,Videos,11
2020-10-19,Videos,0
2020-10-20,Videos,6
2020-10-21,Videos,3
2020-10-22,Videos,4
2020-10-23,Videos,3
2020-10-24,Videos,2
2020-10-25,Videos,9
2020-10-26,Videos,13
2020-10-27,Videos,7
2020-10-28,Videos,0
2020-10-29,Videos,4
2020-10-30,Videos,1
2020-10-31,Videos,1
2020-11-01,Videos,5
2020-11-02,Videos,3
2020-11-03,Videos,0
2020-11-04,Videos,4
2020-11-05,Videos,0
2020-11-06,Videos,3
2020-11-07,Videos,3
2020-11-08,Videos,4
2020-11-09,Videos,19
2020-11-10,Videos,1
2020-11-11,Videos,3
2020-11-12,Videos,0
2020-11-13,Videos,2
2020-11-14,Videos,0
2020-11-15,Videos,0
2020-11-16,Videos,0
2020-11-17,Videos,2
2020-11-18,Videos,1
2020-11-19,Videos,0
2020-11-20,Videos,1
2020-11-21,Videos,0
2020-11-22,Videos,1
2020-11-23,Videos,1
2020-11-24,Videos,0
2020-11-25,Videos,4
2020-11-26,Videos,0
2020-11-27,Videos,0
2020-11-28,Videos,0
2020-11-29,Videos,2
2020-11-30,Videos,5
2020-12-01,Videos,5
2020-12-02,Videos,0
2020-12-03,Videos,1
2020-12-04,Videos,4
2020-12-05,Videos,2
2020-12-06,Videos,0
2020-12-07,Videos,0
2020-12-08,Videos,4
2020-12-09,Videos,1
2020-12-10,Videos,0
2020-12-11,Videos,3
2020-12-12,Videos,1
2020-12-13,Videos,4
2020-12-14,Videos,0
2020-12-15,Videos,0
2020-12-16,Videos,13
2020-12-17,Videos,6
2020-12-18,Videos,7
2020-12-19,Videos,0
2020-12-20,Videos,0
2020-12-21,Videos,2
2020-12-22,Videos,2
2020-12-23,Videos,0
2020-12-24,Videos,4
2020-12-25,Videos,1
2020-12-26,Videos,3
2020-12-27,Videos,3
2020-12-28,Videos,1
2020-12-29,Videos,4
2020-12-30,Videos,0
2020-12-31,Videos,1
2021-01-01,Videos,0
2021-01-02,Videos,0
2021-01-03,Videos,1
2021-01-04,Videos,3
2021-01-05,Videos,5
2021-01-06,Videos,5
2021-01-07,Videos,0
2021-01-08,Videos,2
2021-01-09,Videos,1
2021-01-10,Videos,2
2021-01-11,Videos,1
2021-01-12,Videos,0
2021-01-13,Videos,1
2021-01-14,Videos,1
2021-01-15,Videos,0
2021-01-16,Videos,2
2021-01-17,Videos,0
2021-01-18,Videos,1
2021-01-19,Videos,1
2021-01-20,Videos,0
2021-01-21,Videos,1
2021-01-22,Videos,0
2021-01-23,Videos,0
2021-01-24,Videos,0
2021-01-25,Videos,2
2021-01-26,Videos,0
2021-01-27,Videos,5
2021-01-28,Videos,5
2021-01-29,Videos,0
2021-01-30,Videos,3
2021-01-31,Videos,1
2021-02-01,Videos,6
2021-02-02,Videos,1
2021-02-03,Videos,5
2021-02-04,Videos,0
2021-02-05,Videos,0
2021-02-06,Videos,2
2021-02-07,Videos,1
2021-02-08,Videos,2
2021-02-09,Videos,2
2021-02-10,Videos,1
2021-02-11,Videos,1
2021-02-12,Videos,1
2021-02-13,Videos,1
2021-02-14,Videos,0
2021-02-15,Videos,4
2021-02-16,Videos,2
2021-02-17,Videos,3
2021-02-18,Videos,2
2021-02-19,Videos,2
2021-02-20,Videos,0
2021-02-21,Videos,0
2021-02-22,Videos,3
2021-02-23,Videos,8
2021-02-24,Videos,3
2021-02-25,Videos,1
2021-02-26,Videos,1
2021-02-27,Videos,0
2021-02-28,Videos,1
2021-03-01,Videos,8
2021-03-02,Videos,1
2021-03-03,Videos,2
2021-03-04,Videos,2
2021-03-05,Videos,2
2021-03-06,Videos,8
2021-03-07,Videos,7
2021-03-08,Videos,4
2021-03-09,Videos,2
2021-03-10,Videos,2
2021-03-11,Videos,0
2021-03-12,Videos,0
2021-03-13,Videos,2
2021-03-14,Videos,1
2021-03-15,Videos,2
2021-03-16,Videos,0
2021-03-17,Videos,8
2021-03-18,Videos,2
2021-03-19,Videos,0
2021-03-20,Videos,1
2021-03-21,Videos,2
2021-03-22,Videos,1
2021-03-23,Videos,1
2021-03-24,Videos,3
2021-03-25,Videos,3
2021-03-26,Videos,1
2021-03-27,Videos,3
2021-03-28,Videos,1
2021-03-29,Videos,2
2021-03-30,Videos,3
2021-03-31,Videos,0
2021-04-01,Videos,3
2021-04-02,Videos,0
2021-04-03,Videos,0
2021-04-04,Videos,2
2021-04-05,Videos,2
2021-04-06,Videos,1
2021-04-07,Videos,2
2021-04-08,Videos,1
2021-04-09,Videos,0
2021-04-10,Videos,2
2021-04-11,Videos,2
2021-04-12,Videos,0
2021-04-13,Videos,1
2021-04-14,Videos,0
2021-04-15,Videos,3
2021-04-16,Videos,6
2021-04-17,Videos,2
2021-04-18,Videos,0
2021-04-19,Videos,2
2021-04-20,Videos,3
2021-04-21,Videos,2
2021-04-22,Videos,2
2021-04-23,Videos,3
2021-04-24,Videos,2
2021-04-25,Videos,29
2021-04-26,Videos,6
2021-04-27,Videos,1
2021-04-28,Videos,1
2021-04-29,Videos,1
2021-04-30,Videos,1
2021-05-01,Videos,0
2021-05-02,Videos,0
2021-05-03,Videos,5
2021-05-04,Videos,10
2021-05-05,Videos,2
2021-05-06,Videos,6
2021-05-07,Videos,0
2021-05-08,Videos,0
2021-05-09,Videos,0
2021-05-10,Videos,1
2021-05-11,Videos,1
2021-05-12,Videos,6
2021-05-13,Videos,1
2021-05-14,Videos,1
2021-05-15,Videos,1
2021-05-16,Videos,6
2021-05-17,Videos,1
2021-05-18,Videos,0
2021-05-19,Videos,2
2021-05-20,Videos,2
2021-05-21,Videos,0
2021-05-22,Videos,2
2021-05-23,Videos,2
2021-05-24,Videos,3
2021-05-25,Videos,1
2021-05-26,Videos,1
2021-05-27,Videos,0
2021-05-28,Videos,1
2021-05-29,Videos,3
2021-05-30,Videos,2
2021-05-31,Videos,2
2021-06-01,Videos,3
2021-06-02,Videos,3
2021-06-03,Videos,1
2021-06-04,Videos,9
2021-06-05,Videos,1
2021-06-06,Videos,1
2021-06-07,Videos,1
2021-06-08,Videos,1
2021-06-09,Videos,16
2021-06-10,Videos,6
2021-06-11,Videos,0
2021-06-12,Videos,3
2021-06-13,Videos,1
2021-06-14,Videos,6
2021-06-15,Videos,3
2021-06-16,Videos,26
2021-06-17,Videos,15
2021-06-18,Videos,0
2021-06-19,Videos,63
2021-06-20,Videos,35
2021-06-21,Videos,181
2021-06-22,Videos,136
2021-06-23,Videos,123
2021-06-24,Videos,121
2021-06-25,Videos,169
2021-06-26,Videos,113
2021-06-27,Videos,70
2021-06-28,Videos,80
2021-06-29,Videos,59
2021-06-30,Videos,37
2021-07-01,Videos,28
2021-07-02,Videos,32
2021-07-03,Videos,12
2021-07-04,Videos,27
2021-07-05,Videos,13
2021-07-06,Videos,15
2021-07-07,Videos,21
2021-07-08,Videos,7
2021-07-09,Videos,31
2021-07-10,Videos,17
2021-07-11,Videos,19
2021-07-12,Videos,120
2021-07-13,Videos,109
2021-07-14,Videos,78
2021-07-15,Videos,71
2021-07-16,Videos,54
2021-07-17,Videos,21
2021-07-18,Videos,18
2021-07-19,Videos,59
2021-07-20,Videos,32
2021-07-21,Videos,51
2021-07-22,Videos,82
2021-07-23,Videos,51
2021-07-24,Videos,40
2021-07-25,Videos,5
2021-07-26,Videos,33
2021-07-27,Videos,31
2021-07-28,Videos,52
2021-07-29,Videos,87
2021-07-30,Videos,49
2021-07-31,Videos,10
2021-08-01,Videos,7
2021-08-02,Videos,78
2021-08-03,Videos,83
2021-08-04,Videos,16
2021-08-05,Videos,17
2021-08-06,Videos,9
2021-08-07,Videos,15
2021-08-08,Videos,8
2021-08-09,Videos,45
2021-08-10,Videos,26
2021-08-11,Videos,30
2021-08-12,Videos,5
2021-08-13,Videos,12
2021-08-14,Videos,3
2021-08-15,Videos,5
2021-08-16,Videos,41
2021-08-17,Videos,84
2021-08-18,Videos,59
2021-08-19,Videos,44
2021-08-20,Videos,41
2021-08-21,Videos,11
2021-08-22,Videos,8
2021-08-23,Videos,28
2021-08-24,Videos,26
2021-08-25,Videos,28
2021-08-26,Videos,43
2021-08-27,Videos,21
2021-08-28,Videos,11
2021-08-29,Videos,7
2021-08-30,Videos,38
2021-08-31,Videos,29
2021-09-01,Videos,16
2021-09-02,Videos,7
2021-09-03,Videos,16
2021-09-04,Videos,12
2021-09-05,Videos,5
2021-09-06,Videos,51
2021-09-07,Videos,25
2021-09-08,Videos,26
2021-09-09,Videos,14
2021-09-10,Videos,31
2021-09-11,Videos,6
2021-09-12,Videos,8
2021-09-13,Videos,5
2021-09-14,Videos,11
2021-09-15,Videos,34
2021-09-16,Videos,12
2021-09-17,Videos,20
2021-09-18,Videos,6
2021-09-19,Videos,1
2021-09-20,Videos,14
2021-09-21,Videos,10
2021-09-22,Videos,24
2021-09-23,Videos,21
2021-09-24,Videos,28
2021-09-25,Videos,20
2021-09-26,Videos,8
2021-09-27,Videos,18
2021-09-28,Videos,8
2021-09-29,Videos,10
2021-09-30,Videos,31
2021-10-01,Videos,25
2021-10-02,Videos,24
2021-10-03,Videos,6
2021-10-04,Videos,3
2021-10-05,Videos,16
2021-10-06,Videos,29
2021-10-07,Videos,11
2021-10-08,Videos,6
2021-10-09,Videos,11
2021-10-10,Videos,3
2021-10-11,Videos,10
2021-10-12,Videos,7
2021-10-13,Videos,7
2021-10-14,Videos,2
2021-10-15,Videos,0
2021-10-16,Videos,0
2021-10-17,Videos,4
2021-10-18,Videos,0
2021-10-19,Videos,5
2021-10-20,Videos,8
2021-10-21,Videos,1
2021-10-22,Videos,9
2021-10-23,Videos,2
2021-10-24,Videos,1
2021-10-25,Videos,125
2021-10-26,Videos,171
2021-10-27,Videos,170
2021-10-28,Videos,7
2021-10-29,Videos,9
2021-10-30,Videos,2
2021-10-31,Videos,7
2021-11-01,Videos,1
2021-11-02,Videos,1
2021-11-03,Videos,5
2021-11-04,Videos,6
2021-11-05,Videos,11
2021-11-06,Videos,0
2021-11-07,Videos,4
2021-11-08,Videos,7
2021-11-09,Videos,2
2021-11-10,Videos,81
2021-11-11,Videos,84
2021-11-12,Videos,0
2021-11-13,Videos,1
2021-11-14,Videos,1
2021-11-15,Videos,9
2021-11-16,Videos,3
2021-11-17,Videos,6
2021-11-18,Videos,3
2021-11-19,Videos,0
2021-11-20,Videos,6
2021-11-21,Videos,0
2021-11-22,Videos,0
2021-11-23,Videos,9
2021-11-24,Videos,2
2021-11-25,Videos,4
2021-11-26,Videos,0
2021-11-27,Videos,0
2021-11-28,Videos,2
2021-11-29,Videos,1
2021-11-30,Videos,3
2021-12-01,Videos,2
2021-12-02,Videos,1
2021-12-03,Videos,0
2021-12-04,Videos,1
2021-12-05,Videos,3
2021-12-06,Videos,4
2021-12-07,Videos,3
2021-12-08,Videos,4
2021-12-09,Videos,0
2021-12-10,Videos,2
2021-12-11,Videos,0
2021-12-12,Videos,4
2021-12-13,Videos,0
2021-12-14,Videos,1
2021-12-15,Videos,7
2021-12-16,Videos,2
2021-12-17,Videos,5
2021-12-18,Videos,5
2021-12-19,Videos,2
2021-12-20,Videos,0
2021-12-21,Videos,0
2021-12-22,Videos,1
2021-12-23,Videos,1
2021-12-24,Videos,2
2021-12-25,Videos,0
2021-12-26,Videos,3
2021-12-27,Videos,1
2021-12-28,Videos,0
2021-12-29,Videos,1
2021-12-30,Videos,1
2021-12-31,Videos,1
2022-01-01,Videos,2
2022-01-02,Videos,6
2022-01-03,Videos,0
2022-01-04,Videos,1
2022-01-05,Videos,5
2022-01-06,Videos,5
2022-01-07,Videos,5
2022-01-08,Videos,3
2022-01-09,Videos,0
2022-01-10,Videos,2
2022-01-11,Videos,1
2022-01-12,Videos,1
2022-01-13,Videos,1
2022-01-14,Videos,4
2022-01-15,Videos,2
2022-01-16,Videos,1
2022-01-17,Videos,8
2022-01-18,Videos,6
2022-01-19,Videos,3
2022-01-20,Videos,0
2022-01-21,Videos,0
2022-01-22,Videos,3
2022-01-23,Videos,4
2022-01-24,Videos,1
2022-01-25,Videos,4
2022-01-26,Videos,4
2022-01-27,Videos,0
2022-01-28,Videos,5
2022-01-29,Videos,0
2022-01-30,Videos,1
2022-01-31,Videos,3
2022-02-01,Videos,0
2022-02-02,Videos,4
2022-02-03,Videos,3
2022-02-04,Videos,2
2022-02-05,Videos,1
2022-02-06,Videos,5
2022-02-07,Videos,1
2022-02-08,Videos,4
2022-02-09,Videos,2
2022-02-10,Videos,1
2022-02-11,Videos,10
2022-02-12,Videos,8
2022-02-13,Videos,2
2022-02-14,Videos,5
2022-02-15,Videos,1
2022-02-16,Videos,4
2022-02-17,Videos,7
2022-02-18,Videos,3
2022-02-19,Videos,2
2022-02-20,Videos,7
2022-02-21,Videos,35
2022-02-22,Videos,40
2022-02-23,Videos,7
2022-02-24,Videos,3
2022-02-25,Videos,2
2022-02-26,Videos,1
2022-02-27,Videos,22
2022-02-28,Videos,24
2022-03-01,Videos,27
2022-03-02,Videos,8
2022-03-03,Videos,11
2022-03-04,Videos,19
2022-03-05,Videos,16
2022-03-06,Videos,6
2022-03-07,Videos,17
2022-03-08,Videos,2
2022-03-09,Videos,5
2022-03-10,Videos,5
2022-03-11,Videos,3
2022-03-12,Videos,2
2022-03-13,Videos,3
2022-03-14,Videos,10
2022-03-15,Videos,8
2022-03-16,Videos,6
2022-03-17,Videos,12
2022-03-18,Videos,1
2022-03-19,Videos,3
2022-03-20,Videos,3
2022-03-21,Videos,2
2022-03-22,Videos,3
2022-03-23,Videos,5
2022-03-24,Videos,3
2022-03-25,Videos,4
2022-03-26,Videos,20
2022-03-27,Videos,8
2022-03-28,Videos,11
2022-03-29,Videos,13
2022-03-30,Videos,7
2022-03-31,Videos,16
2022-04-01,Videos,10
2022-04-02,Videos,7
2022-04-03,Videos,6
2022-04-04,Videos,23
2022-04-05,Videos,13
2022-04-06,Videos,12
2022-04-07,Videos,8
2022-04-08,Videos,9
2022-04-09,Videos,13
2022-04-10,Videos,6
2022-04-11,Videos,3
2022-04-12,Videos,14
2022-04-13,Videos,9
2022-04-14,Videos,7
2022-04-15,Videos,5
2022-04-16,Videos,4
2022-04-17,Videos,7
2022-04-18,Videos,5
2022-04-19,Videos,13
2022-04-20,Videos,7
2022-04-21,Videos,43
2022-04-22,Videos,12
2022-04-23,Videos,2
2022-04-24,Videos,39
2022-04-25,Videos,27
2022-04-26,Videos,65
2022-04-27,Videos,82
2022-04-28,Videos,55
2022-04-29,Videos,24
2022-04-30,Videos,84
2022-05-01,Videos,62
2022-05-02,Videos,46
2022-05-03,Videos,41
2022-05-04,Videos,33
2022-05-05,Videos,7
2022-05-06,Videos,38
2022-05-07,Videos,10
2022-05-08,Videos,38
2022-05-09,Videos,38
2022-05-10,Videos,77
2022-05-11,Videos,74
2022-05-12,Videos,66
2022-05-13,Videos,23
2022-05-14,Videos,21
2022-05-15,Videos,35
2022-05-16,Videos,45
2022-05-17,Videos,48
2022-05-18,Videos,80
2022-05-19,Videos,53
2022-05-20,Videos,34
2022-05-21,Videos,19
2022-05-22,Videos,22
2022-05-23,Videos,29
2022-05-24,Videos,23
2022-05-25,Videos,15
2022-05-26,Videos,44
2022-05-27,Videos,41
2022-05-28,Videos,6
2022-05-29,Videos,23
2022-05-30,Videos,29
2022-05-31,Videos,19
2022-06-01,Videos,41
2022-06-02,Videos,28
2022-06-03,Videos,16
2022-06-04,Videos,17
2022-06-05,Videos,15
2022-06-06,Videos,4
2022-06-07,Videos,34
2022-06-08,Videos,17
2022-06-09,Videos,9
2022-06-10,Videos,26
2022-06-11,Videos,19
2022-06-12,Videos,33
2022-06-13,Videos,58
2022-06-14,Videos,70
2022-06-15,Videos,78
2022-06-16,Videos,33
2022-06-17,Videos,62
2022-06-18,Videos,37
2022-06-19,Videos,23
2022-06-20,Videos,46
2022-06-21,Videos,72
2022-06-22,Videos,89
2022-06-23,Videos,69
2022-06-24,Videos,48
2022-06-25,Videos,38
2022-06-26,Videos,24
2022-06-27,Videos,36
2022-06-28,Videos,58
2022-06-29,Videos,57
2022-06-30,Videos,47
2022-07-01,Videos,76
2022-07-02,Videos,31
2022-07-03,Videos,45
2022-07-04,Videos,24
2022-07-05,Videos,37
2022-07-06,Videos,111
2022-07-07,Videos,109
2022-07-08,Videos,51
2022-07-09,Videos,46
2022-07-10,Videos,38
2022-07-11,Videos,41
2022-07-12,Videos,58
2022-07-13,Videos,64
2022-07-14,Videos,72
2022-07-15,Videos,42
2022-07-16,Videos,48
2022-07-17,Videos,19
2022-07-18,Videos,37
2022-07-19,Videos,43
2022-07-20,Videos,49
2022-07-21,Videos,70
2022-07-22,Videos,69
2022-07-23,Videos,42
2022-07-24,Videos,42
2022-07-25,Videos,83
2022-07-26,Videos,48
2022-07-27,Videos,46
2022-07-28,Videos,53
2022-07-29,Videos,53
2022-07-30,Videos,64
2022-07-31,Videos,102
2022-08-01,Videos,72
2022-08-02,Videos,32
2022-08-03,Videos,29
2022-08-04,Videos,94
2022-08-05,Videos,20
2022-08-06,Videos,79
2022-08-07,Videos,84
2022-08-08,Videos,363
2022-08-09,Videos,311
2022-08-10,Videos,162
2022-08-11,Videos,149
2022-08-12,Videos,164
2022-08-13,Videos,83
2022-08-14,Videos,40
2022-08-15,Videos,78
2022-08-16,Videos,86
2022-08-17,Videos,35
2022-08-18,Videos,95
2022-08-19,Videos,53
2022-08-20,Videos,37
2022-08-21,Videos,110
2022-08-22,Videos,64
2022-08-23,Videos,97
2022-08-24,Videos,83
2022-08-25,Videos,79
2022-08-26,Videos,53
2022-08-27,Videos,38
2022-08-28,Videos,23
2022-08-29,Videos,85
2022-08-30,Videos,60
2022-08-31,Videos,73
2022-09-01,Videos,88
2022-09-02,Videos,94
2022-09-03,Videos,26
2022-09-04,Videos,76
2022-09-05,Videos,37
2022-09-06,Videos,141
2022-09-07,Videos,65
2022-09-08,Videos,40
2022-09-09,Videos,41
2022-09-10,Videos,26
2022-09-11,Videos,35
2022-09-12,Videos,63
2022-09-13,Videos,75
2022-09-14,Videos,64
2022-09-15,Videos,105
2022-09-16,Videos,81
2022-09-17,Videos,48
2022-09-18,Videos,31
2022-09-19,Videos,30
2022-09-20,Videos,95
2022-09-21,Videos,56
2022-09-22,Videos,109
2022-09-23,Videos,59
2022-09-24,Videos,57
2022-09-25,Videos,179
2022-09-26,Videos,367
2022-09-27,Videos,161
2022-09-28,Videos,101
2022-09-29,Videos,97
2022-09-30,Videos,84
2022-10-01,Videos,38
2022-10-02,Videos,33
2022-10-03,Videos,79
2022-10-04,Videos,103
2022-10-05,Videos,82
2022-10-06,Videos,57
2022-10-07,Videos,50
2022-10-08,Videos,34
2022-10-09,Videos,98
2022-10-10,Videos,37
2022-10-11,Videos,93
2022-10-12,Videos,61
2022-10-13,Videos,35
2022-10-14,Videos,50
2022-10-15,Videos,30
2022-10-16,Videos,25
2022-10-17,Videos,9
2022-10-18,Videos,25
2022-10-19,Videos,31
2022-10-20,Videos,11
2022-10-21,Videos,35
2022-10-22,Videos,54
2022-10-23,Videos,13
2022-10-24,Videos,29
2022-10-25,Videos,57
2022-10-26,Videos,85
2022-10-27,Videos,66
2022-10-28,Videos,52
2022-10-29,Videos,38
2022-10-30,Videos,20
2022-10-31,Videos,77
2022-11-01,Videos,80
2022-11-02,Videos,52
2022-11-03,Videos,51
2022-11-04,Videos,35
2022-11-05,Videos,18
2022-11-06,Videos,29
2022-11-07,Videos,63
2022-11-08,Videos,25
2022-11-09,Videos,63
2022-11-10,Videos,17
2022-11-11,Videos,36
2022-11-12,Videos,19
2022-11-13,Videos,40
2022-11-14,Videos,53
2022-11-15,Videos,15
2022-11-16,Videos,18
2022-11-17,Videos,39
2022-11-18,Videos,26
2022-11-19,Videos,9
2022-11-20,Videos,8
2022-11-21,Videos,6
2022-11-22,Videos,4
2022-11-23,Videos,15
2022-11-24,Videos,6
2022-11-25,Videos,4
2022-11-26,Videos,6
2022-11-27,Videos,0
2022-11-28,Videos,33
2022-11-29,Videos,20
2022-11-30,Videos,3
2022-12-01,Videos,6
2022-12-02,Videos,14
2022-12-03,Videos,6
2022-12-04,Videos,8
2022-12-05,Videos,5
2022-12-06,Videos,4
2022-12-07,Videos,3
2022-12-08,Videos,5
2022-12-09,Videos,6
2022-12-10,Videos,10
2022-12-11,Videos,5
2022-12-12,Videos,5
2022-12-13,Videos,4
2022-12-14,Videos,8
2022-12-15,Videos,9
2022-12-16,Videos,3
2022-12-17,Videos,3
2022-12-18,Videos,3
2022-12-19,Videos,14
2022-12-20,Videos,3
2022-12-21,Videos,1
2022-12-22,Videos,5
2022-12-23,Videos,5
2022-12-24,Videos,0
2022-12-25,Videos,2
2022-12-26,Videos,7
2022-12-27,Videos,4
2022-12-28,Videos,6
2022-12-29,Videos,4
2022-12-30,Videos,3
2022-12-31,Videos,0
2023-01-01,Videos,6
2023-01-02,Videos,4
2023-01-03,Videos,14
2023-01-04,Videos,75
2023-01-05,Videos,9
2023-01-06,Videos,5
2023-01-07,Videos,3
2023-01-08,Videos,2
2023-01-09,Videos,6
2023-01-10,Videos,1
2023-01-11,Videos,3
2023-01-12,Videos,6
2023-01-13,Videos,4
2023-01-14,Videos,5
2023-01-15,Videos,4
2023-01-16,Videos,11
2023-01-17,Videos,15
2023-01-18,Videos,8
2023-01-19,Videos,4
2023-01-20,Videos,5
2023-01-21,Videos,4
2023-01-22,Videos,18
2023-01-23,Videos,23
2023-01-24,Videos,41
2023-01-25,Videos,47
2023-01-26,Videos,47
2023-01-27,Videos,31
2023-01-28,Videos,15
2023-01-29,Videos,7
2023-01-30,Videos,13
2023-01-31,Videos,6
2023-02-01,Videos,6
2023-02-02,Videos,3
2023-02-03,Videos,3
2023-02-04,Videos,5
2023-02-05,Videos,5
2023-02-06,Videos,1
2023-02-07,Videos,4
2023-02-08,Videos,4
2023-02-09,Videos,2
2023-02-10,Videos,3
2023-02-11,Videos,16
2023-02-12,Videos,3
2023-02-13,Videos,0
2023-02-14,Videos,4
2023-02-15,Videos,1
2023-02-16,Videos,3
2023-02-17,Videos,2
2023-02-18,Videos,3
2023-02-19,Videos,3
2023-02-20,Videos,5
2023-02-21,Videos,4
2023-02-22,Videos,2
2023-02-23,Videos,5
2023-02-24,Videos,1
2023-02-25,Videos,71
2023-02-26,Videos,6
2023-02-27,Videos,4
2023-02-28,Videos,1
2023-03-01,Videos,1
2023-03-02,Videos,5
2023-03-03,Videos,4
2023-03-04,Videos,2
2023-03-05,Videos,4
2023-03-06,Videos,7
2023-03-07,Videos,3
2023-03-08,Videos,17
2023-03-09,Videos,7
2023-03-10,Videos,20
2023-03-11,Videos,1
2023-03-12,Videos,4
2023-03-13,Videos,7
2023-03-14,Videos,3
2023-03-15,Videos,1
2023-03-16,Videos,13
2023-03-17,Videos,1
2023-03-18,Videos,1
2023-03-19,Videos,0
2023-03-20,Videos,5
2023-03-21,Videos,2
2023-03-22,Videos,2
2023-03-23,Videos,2
2023-03-24,Videos,5
2023-03-25,Videos,1
2023-03-26,Videos,0
2023-03-27,Videos,2
2023-03-28,Videos,2
2023-03-29,Videos,6
2023-03-30,Videos,3
2023-03-31,Videos,2
2023-04-01,Videos,5
2023-04-02,Videos,1
2023-04-03,Videos,5
2023-04-04,Videos,2
2023-04-05,Videos,2
2023-04-06,Videos,1
2023-04-07,Videos,3
2023-04-08,Videos,0
2023-04-09,Videos,2
2023-04-10,Videos,3
2023-04-11,Videos,3
2023-04-12,Videos,1
2023-04-13,Videos,3
2023-04-14,Videos,2
2023-04-15,Videos,8
2023-04-16,Videos,7
2023-04-17,Videos,10
2023-04-18,Videos,14
2023-04-19,Videos,3
2023-04-20,Videos,4
2023-04-21,Videos,4
2023-04-22,Videos,6
2023-04-23,Videos,2
2023-04-24,Videos,0
2023-04-25,Videos,14
2023-04-26,Videos,7
2023-04-27,Videos,6
2023-04-28,Videos,6
2023-04-29,Videos,0
2023-04-30,Videos,3
2023-05-01,Videos,9
2023-05-02,Videos,1
2023-05-03,Videos,5
2023-05-04,Videos,3
2023-05-05,Videos,2
2023-05-06,Videos,2
2023-05-07,Videos,1
2023-05-08,Videos,2
2023-05-09,Videos,5
2023-05-10,Videos,1
2023-05-11,Videos,2
2023-05-12,Videos,19
2023-05-13,Videos,2
2023-05-14,Videos,0
2023-05-15,Videos,3
2023-05-16,Videos,2
2023-05-17,Videos,11
2023-05-18,Videos,8
2023-05-19,Videos,5
2023-05-20,Videos,2
2023-05-21,Videos,5
2023-05-22,Videos,7
2023-05-23,Videos,1
2023-05-24,Videos,9
2023-05-25,Videos,1
2023-05-26,Videos,9
2023-05-27,Videos,2
2023-05-28,Videos,1
2023-05-29,Videos,2
2023-05-30,Videos,11
2023-05-31,Videos,4
2023-06-01,Videos,1
2023-06-02,Videos,2
2023-06-03,Videos,9
2023-06-04,Videos,3
2023-06-05,Videos,4
2023-06-06,Videos,4
2023-06-07,Videos,0
2023-06-08,Videos,6
2023-06-09,Videos,2
2023-06-10,Videos,2
2023-06-11,Videos,3
2023-06-12,Videos,5
2023-06-13,Videos,2
2023-06-14,Videos,7
2023-06-15,Videos,1
2023-06-16,Videos,6
2023-06-17,Videos,0
2023-06-18,Videos,1
2023-06-19,Videos,2
2023-06-20,Videos,3
2023-06-21,Videos,2
2023-06-22,Videos,2
2023-06-23,Videos,1
2023-06-24,Videos,2
2023-06-25,Videos,2
2023-06-26,Videos,6
2023-06-27,Videos,2
2023-06-28,Videos,11
2023-06-29,Videos,1
2023-06-30,Videos,0
2023-07-01,Videos,2
2023-07-02,Videos,2
2023-07-03,Videos,11
2023-07-04,Videos,5
2023-07-05,Videos,5
2023-07-06,Videos,1
2023-07-07,Videos,7
2023-07-08,Videos,1
2023-07-09,Videos,3
2023-07-10,Videos,1
2023-07-11,Videos,0
2023-07-12,Videos,4
2023-07-13,Videos,2
2023-07-14,Videos,0
2023-07-15,Videos,2
2023-07-16,Videos,3
2023-07-17,Videos,10
2023-07-18,Videos,7
2023-07-19,Videos,10
2023-07-20,Videos,3
2023-07-21,Videos,2
2023-07-22,Videos,10
2023-07-23,Videos,0
2023-07-24,Videos,6
2023-07-25,Videos,6
2023-07-26,Videos,13
2023-07-27,Videos,4
2023-07-28,Videos,0
2023-07-29,Videos,1
2023-07-30,Videos,4
2023-07-31,Videos,8
2023-08-01,Videos,2
2023-08-02,Videos,4
2023-08-03,Videos,6
2023-08-04,Videos,4
2023-08-05,Videos,0
2023-08-06,Videos,2
2023-08-07,Videos,2
2023-08-08,Videos,3
2023-08-09,Videos,4
2023-08-10,Videos,1
2023-08-11,Videos,22
2023-08-12,Videos,0
2023-08-13,Videos,1
2023-08-14,Videos,18
2023-08-15,Videos,2
2023-08-16,Videos,1
2023-08-17,Videos,3
2023-08-18,Videos,0
2023-08-19,Videos,1
2023-08-20,Videos,0
2023-08-21,Videos,4
2023-08-22,Videos,1
2023-08-23,Videos,10
2023-08-24,Videos,2
2023-08-25,Videos,5
2023-08-26,Videos,0
2023-08-27,Videos,2
2023-08-28,Videos,1
2023-08-29,Videos,3
2023-08-30,Videos,4
2023-08-31,Videos,7
2023-09-01,Videos,5
2023-09-02,Videos,4
2023-09-03,Videos,2
2023-09-04,Videos,3
2023-09-05,Videos,3
2023-09-06,Videos,9
2023-09-07,Videos,2
2023-09-08,Videos,3
2023-09-09,Videos,9
2023-09-10,Videos,2
2023-09-11,Videos,7
2023-09-12,Videos,1
2023-09-13,Videos,1
2023-09-14,Videos,3
2023-09-15,Videos,6
2023-09-16,Videos,2
2023-09-17,Videos,3
2023-09-18,Videos,4
2023-09-19,Videos,5
2023-09-20,Videos,7
2023-09-21,Videos,4
2023-09-22,Videos,18
2023-09-23,Videos,6
2023-09-24,Videos,1
2023-09-25,Videos,3
2023-09-26,Videos,8
2023-09-27,Videos,0
2023-09-28,Videos,7
2023-09-29,Videos,35
2023-09-30,Videos,11
2023-10-01,Videos,3
2023-10-02,Videos,5
2023-10-03,Videos,2
2023-10-04,Videos,8
2023-10-05,Videos,9
2023-10-06,Videos,7
2023-10-07,Videos,11
2023-10-08,Videos,9
2023-10-09,Videos,1
2023-10-10,Videos,4
2023-10-11,Videos,8
2023-10-12,Videos,12
2023-10-13,Videos,1
2023-10-14,Videos,2
2023-10-15,Videos,5
2023-10-16,Videos,13
2023-10-17,Videos,23
2023-10-18,Videos,13
2023-10-19,Videos,3
2023-10-20,Videos,2
2023-10-21,Videos,4
2023-10-22,Videos,0
2023-10-23,Videos,5
2023-10-24,Videos,3
2023-10-25,Videos,2
2023-10-26,Videos,3
2023-10-27,Videos,4
2023-10-28,Videos,3
2023-10-29,Videos,2
2023-10-30,Videos,6
2023-10-31,Videos,3
2023-11-01,Videos,2
2023-11-02,Videos,1
2023-11-03,Videos,0
2023-11-04,Videos,7
2023-11-05,Videos,2
2023-11-06,Videos,13
2023-11-07,Videos,6
2023-11-08,Videos,0
2023-11-09,Videos,8
2023-11-10,Videos,4
2023-11-11,Videos,26
2023-11-12,Videos,0
2023-11-13,Videos,23
2023-11-14,Videos,9
2023-11-15,Videos,4
2023-11-16,Videos,12
2023-11-17,Videos,13
2023-11-18,Videos,5
2023-11-19,Videos,11
2023-11-20,Videos,18
2023-11-21,Videos,24
2023-11-22,Videos,6
2023-11-23,Videos,10
2023-11-24,Videos,9
2023-11-25,Videos,58
2023-11-26,Videos,44
2023-11-27,Videos,332
2023-11-28,Videos,359
2023-11-29,Videos,263
2023-11-30,Videos,202
2023-12-01,Videos,191
2023-12-02,Videos,79
2023-12-03,Videos,36
2023-12-04,Videos,42
2023-12-05,Videos,30
2023-12-06,Videos,36
2023-12-07,Videos,20
2023-12-08,Videos,14
2023-12-09,Videos,55
2023-12-10,Videos,56
2023-12-11,Videos,164
2023-12-12,Videos,168
2023-12-13,Videos,123
2023-12-14,Videos,97
2023-12-15,Videos,45
2023-12-16,Videos,50
2023-12-17,Videos,38
2023-12-18,Videos,90
2023-12-19,Videos,103
2023-12-20,Videos,81
2023-12-21,Videos,129
2023-12-22,Videos,49
2023-12-23,Videos,18
2023-12-24,Videos,36
2023-12-25,Videos,33
2023-12-26,Videos,57
2023-12-27,Videos,8
2023-12-28,Videos,25
